Start,End,10 S,10 S,30 S,30 S,60 S,60 S,90 S,90 S
17,27,-1.12,-0.99,-0.09,-1.3,-0.37,2.34,-1.1,1.64
17,31,-2.42,-3.28,-2.43,-1.96,-2.99,-1.11,-3.52,-1.09
32,41,0.28,-0.19,-0.68,-4.89,0.3,-4.35,0.35,-2.04
48,59,1.03,3.66,2.54,0.71,1.21,1.03,0.24,1.98
60,79,-0.3,-0.41,1.32,-0.12,-0.26,-0.21,-1.35,-0.16
153,161,-0.76,-1.67,-0.04,-1.4,0.13,-1.87,2.59,1.47
162,167,0.95,1.4,0.18,-0.15,0.77,-0.18,-0.63,-0.75
236,243,-0.47,-2.77,-0.32,-2.99,0.78,-1.09,-0.1,-2.19
262,274,-6.39,-5.99,-10.17,-11.19,-12.18,-11.95,-14.44,-15.23
275,287,-10.58,-9.68,-11.77,-11.51,-12.14,-11.59,-13.05,-11.75
288,300,-2.82,-1.99,-4.72,-5.49,-3.99,-3.55,-6.23,-3.85
301,312,-0.52,0.97,-0.08,0.16,0.26,1.02,-0.19,0.6
313,339,-0.49,-0.47,-1.12,-1.61,-0.81,-1.43,-1.24,-1.49
315,339,-1.91,0,-0.17,-1.74,-1.17,-1.28,-1.56,-1.05
340,359,-1.68,2.04,-2.43,-1.71,-0.97,-1.53,-0.61,0.16
360,372,1.76,1.31,-0.14,-1.18,0.45,-0.15,0.94,-0.58
360,369,-0.08,0.27,-0.63,-1.61,-0.89,-1.24,-0.39,-0.39
374,390,-2.04,-2.32,-2.25,-3.41,-0.98,-2.15,-1.19,-0.67
376,390,-1.12,-1.87,0.85,-2.02,-1.07,-0.67,-0.65,-2.08
376,396,-6.78,-7.74,-2.92,-3.74,-4.74,-4.79,-4.63,-3.65
397,413,-0.02,0.45,1.52,0.64,0.32,-1.02,-0.09,1.53
397,412,-0.03,-0.76,1.08,1.18,1.42,-0.08,1.63,2.44
420,431,-3.75,-2.47,-2.95,-2.17,-3.33,-2.78,-3.26,-1.41
432,440,-1.12,-0.48,-0.66,-0.07,0.36,0.38,-0.03,-0.33