Start,End,30 s,60 s,30 s,60 s,30 s,60 s,30 s,60 s
17,27,1.01,0.75,1.01,0.75,1.01,0.75,1.01,0.75
17,31,0.79,-1.08,0.79,-1.08,0.79,-1.08,0.79,-1.08
32,41,3.45,3.77,3.45,3.77,3.45,3.77,3.45,3.77
48,59,-1.63,1.82,-1.63,1.82,-1.63,1.82,-1.63,1.82
60,79,0.58,2.04,0.58,2.04,0.58,2.04,0.58,2.04
100,112,1.24,-1.89,1.24,-1.89,1.24,-1.89,1.24,-1.89
153,161,1.93,2.69,1.93,2.69,1.93,2.69,1.93,2.69
236,243,-0.55,-0.59,-0.55,-0.59,-0.55,-0.59,-0.55,-0.59
262,274,-12.49,-15.82,-12.49,-15.82,-12.49,-15.82,-12.49,-15.82
275,287,-9.05,-10.59,-9.05,-10.59,-9.05,-10.59,-9.05,-10.59
288,312,-0.84,-1.4,-0.84,-1.4,-0.84,-1.4,-0.84,-1.4
288,304,2.16,2.76,2.16,2.76,2.16,2.76,2.16,2.76
313,339,0.78,0.65,0.78,0.65,0.78,0.65,0.78,0.65
315,339,-0.74,-0.69,-0.74,-0.69,-0.74,-0.69,-0.74,-0.69
340,359,-0.62,0.85,-0.62,0.85,-0.62,0.85,-0.62,0.85
360,373,-2.02,-0.07,-2.02,-0.07,-2.02,-0.07,-2.02,-0.07
360,372,-1.03,0.28,-1.03,0.28,-1.03,0.28,-1.03,0.28
360,369,-0.02,0.46,-0.02,0.46,-0.02,0.46,-0.02,0.46
376,396,-1.37,-1.87,-1.37,-1.87,-1.37,-1.87,-1.37,-1.87
397,413,-0.03,-0.52,-0.03,-0.52,-0.03,-0.52,-0.03,-0.52
397,412,-2.04,-0.72,-2.04,-0.72,-2.04,-0.72,-2.04,-0.72
420,431,-0.56,-0.81,-0.56,-0.81,-0.56,-0.81,-0.56,-0.81
432,440,0.1,-0.16,0.1,-0.16,0.1,-0.16,0.1,-0.16