Start,End,10 s,10 s,10 s,10 s,10 s,10 s,10 s,10 s
487,496,-7.24,-7.14,-7.24,-7.14,-7.24,-7.14,-7.24,-7.14
489,496,-8.71,-7.62,-8.71,-7.62,-8.71,-7.62,-8.71,-7.62
490,496,-11.04,-6.65,-11.04,-6.65,-11.04,-6.65,-11.04,-6.65
535,563,-6.55,-4.32,-6.55,-4.32,-6.55,-4.32,-6.55,-4.32
573,591,0.9,0.89,0.9,0.89,0.9,0.89,0.9,0.89
573,588,2.75,2.7,2.75,2.7,2.75,2.7,2.75,2.7
592,610,-2.87,-0.74,-2.87,-0.74,-2.87,-0.74,-2.87,-0.74
592,609,0.09,0.97,0.09,0.97,0.09,0.97,0.09,0.97
611,621,-1.89,-6.08,-1.89,-6.08,-1.89,-6.08,-1.89,-6.08
620,628,-15.39,-13.84,-15.39,-13.84,-15.39,-13.84,-15.39,-13.84
629,647,-17.12,-15.56,-17.12,-15.56,-17.12,-15.56,-17.12,-15.56
634,648,-6.28,-8.17,-6.28,-8.17,-6.28,-8.17,-6.28,-8.17
635,647,-3.81,-3.64,-3.81,-3.64,-3.81,-3.64,-3.81,-3.64
648,668,-2.82,-1.86,-2.82,-1.86,-2.82,-1.86,-2.82,-1.86
648,672,-2.24,-1.08,-2.24,-1.08,-2.24,-1.08,-2.24,-1.08
649,668,-1.47,-3.38,-1.47,-3.38,-1.47,-3.38,-1.47,-3.38
649,672,-3.11,-3.34,-3.11,-3.34,-3.11,-3.34,-3.11,-3.34
650,672,-0.92,-1.95,-0.92,-1.95,-0.92,-1.95,-0.92,-1.95